Name,Address,Type,License,Beds,Website,Avg. Violations
Addington Place at the Mills,"550 Barrington Dr, Roswell, GA 30075",Personal Care Home,PCH008668,75,https://www.cedarhurstliving.com/location/addington-place-the-mills/,8.4
Addington Place of Alpharetta,"762 N Main St, Alpharetta, GA 30009",Assisted Living Community,ALC000209,105,https://www.cedarhurstliving.com/location/addington-place-alpharetta/,5.6
Addington Place of Brunswick,"890 Scranton Rd, Brunswick, GA 31525",Assisted Living Community,ALC000223,65,https://www.cedarhurstliving.com/location/addington-place-brunswick/,2.0
Addington Place of Dublin,"212 Fairview Park Dr, Dublin, GA 31021",Assisted Living Community,ALC000214,72,https://www.cedarhurstliving.com/location/addington-place-dublin/,0.8
Addington Place of Johns Creek,"5050 Kimball Bridge Rd, Alpharetta, GA 30005",Assisted Living Community,ALC000279,72,https://www.cedarhurstliving.com/location/addington-place-johns-creek/,2.4
Alto Senior Living Alpharetta,"4125 North Point Pkwy, Alpharetta, GA 30022",Assisted Living Community,ALC000264,83,https://www.allegroliving.com/alto-alpharetta-georgia.html,3.6
Alto Senior Living Buckhead,"4804 Roswell Rd, Sandy Springs, GA 30342",Assisted Living Community,ALC000265,83,https://www.allegroliving.com/alto-buckhead-georgia.html,15.5
Alto Senior Living Marietta,"840 Lecroy Dr, Marietta, GA 30068",Assisted Living Community,ALC000266,62,https://www.allegroliving.com/alto-marietta-georgia.html,1.8
Antebellum Arlington Place,"684 Arlington Pl, Macon, GA 31201",Personal Care Home,PCH009095,120,https://www.ssmgrp.com/communities/georgia/antebellum-arlington-place/,8.0
Antebellum Grove Senior Living,"1010 Kathryn Ryals Rd, Warner Robins, GA 31088",Personal Care Home,76030051,69,https://www.ssmgrp.com/communities/georgia/antebellum-grove/,1.3
Antebellum James Burgess Senior Living,"1520 James Burgess Rd, Suwanee, GA 30024",Assisted Living Community,ALC000212,74,https://www.ssmgrp.com/communities/georgia/antebellum-james-burgess/,1.3
"Arbor Bridgemill, The","700 Freedom Blvd, Canton, GA 30114",Assisted Living Community,ALC000270,125,https://www.arborcompany.com/locations/georgia/canton-bridgemill,0.0
Arbor Manor Assisted Living Community,"1900 Macon Rd, Perry, GA 31069",Assisted Living Community,ALC000234,32,https://arbormanoralc.com,8.5
Arbor Terrace at Cascade,"1001 Research Center Drive Atlanta SW, Atlanta, GA 30331",Assisted Living Community,ALC000088,92,https://www.arborcompany.com/locations/georgia/atlanta-cascade,1.3
Arbor Terrace at Crabapple,"12200 Crabapple Rd, Alpharetta, GA 30004",Assisted Living Community,ALC000542,125,https://www.arborcompany.com/locations/georgia/alpharetta-crabapple,0.7
Arbor Terrace at Hamilton Mill,"3581 Braselton Hwy, Dacula, GA 30019",Assisted Living Community,ALC000198,125,https://www.arborcompany.com/locations/georgia/dacula-hamilton-mill,4.4
Arbor Terrace Decatur,"425 Winn Way, Decatur, GA 30030",Assisted Living Community,ALC000104,90,https://www.arborcompany.com/locations/georgia/decatur,4.3
Arbor Terrace of Athens,"170 Marilyn Farmer Way, Athens, GA 30606",Assisted Living Community,ALC000038,75,https://www.arborcompany.com/locations/georgia/athens,2.8
Arbor Terrace of Burnt Hickory,"920 Burnt Hickory Rd NW, Marietta, GA 30064",Assisted Living Community,ALC000244,112,https://www.arborcompany.com/locations/georgia/marietta-burnt-hickory,1.0
Arbor Terrace of East Cobb,"886 Johnson Ferry Rd, Marietta, GA 30068",Assisted Living Community,ALC000555,99,https://www.arborcompany.com/locations/georgia/marietta-east-cobb,1.6
Arbor Terrace of Johns Creek,"3180 Karen White Dr, Suwanee, GA 30024",Assisted Living Community,ALC000197,125,https://www.arborcompany.com/locations/georgia/suwanee-johns-creek,2.0
Arbor Terrace Peachtree City,"201 Crosstown Drive, Peachtree City, GA 30269",Personal Care Home,PCH008808,75,https://www.arborcompany.com/locations/georgia/peachtree-city,1.5
Ashbrook Village,"75 Herrell Rd, Villa Rica, GA 30180",Assisted Living Community,ALC000116,54,http://www.ashbrookvillage.com,0.3
Ashley Glen Senior Living and Memory Care,"441 Prime Point, Peachtree City, GA 30269",Personal Care Home,PCH008816,77,http://www.ashleyglen.com,2.5
Ashton Manor at Sugarloaf,"1155 Lawrenceville Hwy, Lawrenceville, GA 30046",Assisted Living Community,ALC000061,70,https://ashtonmanoratsugarloaf.com,9.8
"Ashton Senior Living, Gainesville","1012 Enota Ave NE, Gainesville, GA 30501",Assisted Living Community,ALC00195,65,http://www.ashtonseniorliving.com,15.0
At Home Senior Living,"147 S. 6th St, Cochran, GA 31014",Assisted Living Community,ALC000591,66,tel:478-271-4663,0.0
Atherton Place,"111 Tower Rd, Marietta, GA 30060",Personal Care Home,33030041,200,https://athertonplace.org,0.3
Atria Buckhead,"2848 Lenox Rd NE, Atlanta, GA 30324",Personal Care Home,PCH007987,76,https://www.atriaseniorliving.com/retirement-communities/atria-buckhead-atlanta-ga/,3.0
Atria Mableton,"3829 Floyd Rd, Austell, GA 30106",Personal Care Home,PCH008270,75,https://www.atriaseniorliving.com/retirement-communities/atria-mableton-austell-ga/,2.0
Atria North Point,"100 Somerby Dr, Alpharetta, GA 30009",Assisted Living Community,ALC000055,106,https://www.atriaseniorliving.com/retirement-communities/atria-north-point/,4.5
Atria Park of Tucker,"5844 Lawrenceville Hwy, Tucker, GA 30084",Personal Care Home,PCH008271,75,https://www.atriaseniorliving.com/retirement-communities/atria-tucker-tucker-ga/,1.5
Augusta Gardens Retirement Res,"3725 Wheeler Rd, Augusta, GA 30909",Personal Care Home,121030131,72,https://www.augustagardenscommunity.com,5.3
Autumn Breeze Senior Living,"2215 Old Hamilton Pl, Gainesville, GA 30507",Personal Care Home,69030041,55,https://www.autumnbreezeliving.com,10.3
Autumn Leaves of Towne Lake,"1962 Eagle Dr, Woodstock, GA 30189",Assisted Living Community,ALC000148,50,https://autumnleaves.com/communities/towne-lake/,2.8
Autumn Leaves of Windward,"3300 Webb Bridge Rd, Alpharetta, GA 30005",Assisted Living Community,ALC000236,52,https://autumnleaves.com/communities/windward/,1.0
Autumn Square,"2455 Oak Grove Church Rd, Carrollton, GA 30117",Personal Care Home,22030011,40,,0.7
Autumn Village Assisted Living Facility,"753 Covington St, Jackson, GA 30233",Personal Care Home,18030021,45,,4.0
Avery Place,"124 Avery St, Winterville, GA 30683",Assisted Living Community,ALC000205,61,http://www.enlivant.com/communities/georgia/avery-place-winterville,8.5
Azalea Estates of Fayetteville,"105 Autumn Glen Cir, Fayetteville, GA 30215",Personal Care Home,56030071,96,https://www.azaleaestates.com/senior-living/ga/fayetteville/autumn-glen-cir/,2.8
Azalea Manor Personal Care Home,"557 Waterman St SE, Marietta, GA 30060",Personal Care Home,PCH007180,42,,11.4
Baptist Village,"715 Village Lake Dr, Waycross, GA 31503",Personal Care Home,148030011,28,,0.0
Belmont Village Buckhead,"5455 Glenridge Dr, Atlanta, GA 30342",Personal Care Home,PCH008036,100,https://www.belmontvillage.com/locations/buckhead-atlanta-georgia/,1.3
Belmont Village Johns Creek,"4315 Johns Creek Pkwy, Suwanee, GA 30024",Personal Care Home,PCH008034,110,https://www.belmontvillage.com/locations/johns-creek-georgia/,0.5
Bentley Assisted Living at Northminster,"50 Sumner Way, Jefferson, GA 30549",Assisted Living Community,ALC000191,106,tel:706-389-1089,2.7
Benton House of Augusta,"204 Frazier Ct, Augusta, GA 30909",Assisted Living Community,ALC000580,95,tel:706-869-0999,0.8
Benton House of Covington,"7155 Dearing St SE, Covington, GA 30014",Assisted Living Community,ALC000553,72,tel:770-788-6660,2.5
Benton House of Decatur,"2711 Lawrenceville Hwy, Decatur, GA 30033",Assisted Living Community,ALC000259,80,tel:404-386-3773,2.0
Benton House of Douglasville,"4999 Prestley Mill Rd, Douglasville, GA 30135",Assisted Living Community,ALC000222,72,tel:770-942-9449,2.3
Benton House of Grayson,"2270 Loganville Hwy, Grayson, GA 30017",Assisted Living Community,ALC000579,80,tel:770-682-7777,5.7
Benton House of Newnan,"25 Newnan Lakes Blvd, Newnan, GA 30263",Personal Care Home,PCH008156,80,tel:770-683-2709,3.8
Benton House of Stockbridge,"201 Evergreen Terrace, Stockbridge, GA 30281",Assisted Living Community,ALC000545,64,tel:770-389-3889,0.8
Benton House of Sugar Hill,"6009 Suwanee Dam Rd, Sugar Hill, GA 30518",Assisted Living Community,ALC000229,72,tel:770-904-0099,3.3
Benton House of Woodstock,"3385 Trickum Rd, Woodstock, GA 30188",Assisted Living Community,ALC000582,72,tel:770-726-8719,2.0
Benton Manor of Stockbridge,"195 Evergreen Terrace, Stockbridge, GA 30281",Personal Care Home,PCH008160,80,tel:770-389-3889,0.0
Berman Commons Assisted Living and Memory Care,"2026 Womack Rd, Dunwoody, GA 30338",Assisted Living Community,ALC000165,120,https://www.bermancommons.org,1.0
Bethel Gardens,"3805 Jackson Way, Powder Springs, GA 30127",Personal Care Home,PCH009223,48,http://www.bethelgardens.com,5.0
Big Springs Place,"131 Melissa Ln, Cedartown, GA 30125",Personal Care Home,PCH009084,50,http://www.enlivant.com/communities/georgia/big-springs-place-cedartown,3.0
Blue Ridge Assisted Living and Memory Care,"1600 Ballewtown Rd, Blue Ridge, GA 30513",Assisted Living Community,ALC000245,134,https://www.blueridgeassistedliving.com,0.3
Bountiful Hills Senior Living & Memory Care,"200 Bolton Dr, Commerce, GA 30529",Personal Care Home,PCH008709,44,https://www.bountifulhills.com,6.0
Brasstown Manor,"108 Church St, Hiawassee, GA 30546",Assisted Living Community,ALC000017,48,http://brasstownmanor.com/,3.8
Brickmont Acworth SPE,"3144 Cobb Parkway, Acworth, GA 30101",Assisted Living Community,Pending,144,tel:770-886-4074,0.0
Brickmont Assisted Living,"2925 Webb Rd, Alpharetta, GA 30004",Assisted Living Community,ALC000230,124,https://www.brickmont.com,0.0
Brickmont Woodstock SPE,"13291 Highway 92, Woodstock, GA 30188",Assisted Living Community,ALC000572,144,https://www.brickmont.com/senior-living-communities/brickmont-of-woodstock/,1.0
"Bridge at Lawrenceville, The","220 Collins Industrial Way, Lawrenceville, GA 30043",Personal Care Home,67030161,85,https://www.centurypa.com/senior-living/bridge-lawrenceville/,8.7
Brightmoor Senior Living,"3223 Newnan Rd, Griffin, GA 30223",Personal Care Home,126030031,69,,2.3
Brighton Gardens of Buckhead,"3088 Lenox Rd NE, Atlanta, GA 30324",Assisted Living Community,ALC000025,125,https://www.sunriseseniorliving.com/communities/brighton-gardens-of-buckhead/overview.aspx,1.8
Brighton Gardens of Dunwoody,"1240 Ashford Center Pkwy, Atlanta, GA 30338",Assisted Living Community,ALC000026,125,https://www.sunriseseniorliving.com/communities/brighton-gardens-of-dunwoody/overview.aspx?DS_C=Paid_Search&mediaphone=8886453959&utm_content=Brand+-+Brighton+Gardens+-+GA+-+Dunwoody+(Exact)&utm_source=google&utm_medium=cpc&utm_campaign=Sunrise+-+Brand+-+,1.6
Brookdale Augusta,"326 Boy Scout Rd, Augusta, GA 30909",Personal Care Home,121030121,48,https://www.brookdale.com/en/communities/brookdale-augusta.html,9.0
Brookdale Buford,"4450 Old Hamilton Mill Rd, Buford, GA 30518",Personal Care Home,PCH008478,64,https://www.brookdale.com/en/communities/brookdale-buford.html,10.0
Brookdale Canton,"125 Riverstone Terrace, Canton, GA 30114",Personal Care Home,PCH009785,100,https://www.brookdale.com/en/communities/brookdale-canton-ga.html,1.3
Brookdale Carrollton,"530 Northside Dr, Carrollton, GA 30117",Assisted Living Community,ALC000115,100,https://www.brookdale.com/en/communities/brookdale-carrollton.html,0.8
Brookdale Chambrel Roswell,"1000 Applewood Dr, Roswell, GA 30076",Personal Care Home,60030061,30,https://www.brookdale.com/en/communities/brookdale-chambrel-roswell.html,2.5
Brookdale Chambrel Roswell Mc,"2000 Applewood Dr, Roswell, GA 30076",Assisted Living Community,ALC000216,36,https://www.brookdale.com/en/communities/brookdale-chambrel-roswell.html,0.5
Brookdale Columbus,"3607 Weems Rd, Columbus, GA 31909",Personal Care Home,106030171,56,https://www.brookdale.com/en/communities/brookdale-columbus.html,3.2
Brookdale Hartwell,"45 Walnut St, Hartwell, GA 30643",Personal Care Home,73030031,50,https://www.brookdale.com/en/communities/brookdale-hartwell.html,1.4
Brookdale Lawrenceville,"1000 River Centre Pl, Lawrenceville, GA 30043",Personal Care Home,67030141,72,https://www.brookdale.com/en/communities/brookdale-lawrenceville.html,4.7
Brookdale Macon,"250 Water Tower Ct, Macon, GA 31210",Assisted Living Community,ALC000272,60,https://www.brookdale.com/en/communities/brookdale-macon.html,1.3
Brookdale Neese Road Woodstock,"756 Neese Rd, Woodstock, GA 30188",Personal Care Home,28030091,75,https://www.brookdale.com/en/communities/brookdale-neese-rd-woodstock.html,4.7
Brookdale Newnan,"355 Millard Farmer Industrial Blvd, Newnan, GA 30263",Assisted Living Community,ALC000598,28,tel:770-252-9007,0.0
Brookdale Rome,"180 Woodrow Wilson Way NW, Rome, GA 30165",Assisted Living Community,ALC000113,100,https://www.brookdale.com/en/communities/brookdale-rome.html,0.7
Brookdale South Lee Buford,"4355 S Lee St, Buford, GA 30518",Personal Care Home,PCH009786,67,https://www.brookdale.com/en/communities/brookdale-south-lee-buford.html,1.8
Brookdale Sweetwater Creek,"1600 Lee Rd, Lithia Springs, GA 30122",Personal Care Home,48030051,67,https://www.brookdale.com/en/communities/brookdale-sweetwater-creek.html,8.3
Brookdale Vinings,"2401 Cumberland Pkwy SE, Atlanta, GA 30339",Personal Care Home,PCH008477,116,https://www.brookdale.com/en/communities/brookdale-vinings.html,10.0
Brookdale Woodstock,"1000 Professional Pkwy, Woodstock, GA 30188",Personal Care Home,28030041,70,https://www.brookdale.com/en/communities/brookdale-woodstock.html,2.8
Brookside Commerce,"199 West W Gary Road, Commerce, GA 30529",Personal Care Home,PCH008810,50,http://brooksidegeorgia.com/brookside-of-commerce.shtml,9.4
Brookside Glen,"400 Bradley Park Dr, Columbus, GA 31904",Assisted Living Community,ALC000564,48,http://www.brooksideglenal.com,1.4
Brookside Stone Mountain,"1745 Parke Plaza Cir SW, Stone Mountain, GA 30087",Personal Care Home,PCH008811,60,http://brooksidegeorgia.com/brookside-of-stone-mountain.shtml,13.0
Buckingham South,"5450 Abercorn St, Savannah, GA 31405",Assisted Living Community,ALC000117,92,https://www.buckinghamsouth.com,1.3
Cadence at Mt Zion,"7493 Mt Zion Blvd, Jonesboro, GA 30236",Assisted Living Community,ALC000561,133,https://cadencemtzion.com,3.0
Cadence Marietta,"1345 Milford Church Rd SW, Marietta, GA 30008",Assisted Living Community,ALC000560,133,https://cadencemarietta.com,3.3
Camellia Place,"294 Rope Mill Rd, Woodstock, GA 30188",Assisted Living Community,ALC000210,110,https://www.camelliaplace.com,1.0
Camellia Walk Assisted Living and Memory Care,"3949 Evans to Locks Rd, Evans, GA 30809",Assisted Living Community,ALC000254,95,https://camelliawalk.com,1.2
Cameron Hall of Ellijay,"114 Penland St, Ellijay, GA 30540",Personal Care Home,PCH008333,70,https://www.fivestarseniorliving.com/communities/ga/ellijay/cameron-hall-ellijay,4.0
Cameron Hall Senior Living Communities,"240 Marietta Hwy, Canton, GA 30114",Assisted Living Community,ALC000107,105,https://www.fivestarseniorliving.com/communities/ga/canton/cameron-hall-canton,3.3
Cannon Wood Village,"2834 Old 441 S, Tiger, GA 30576",Personal Care Home,119020051,32,https://www.cannonwoodvillage.com,10.7
Canterfield of Kennesaw,"4381 Bells Ferry Rd, Kennesaw, GA 30144",Assisted Living Community,ALC000252,99,http://www.canterfieldofkennesaw.com,1.5
Carlyle Place Retirement Commu,"5300 Zebulon Rd, Macon, GA 31210",Personal Care Home,11030141,66,tel:478-405-4500,1.5
Carriage House of Southern Plantation,"690 Tommy Lee Fuller Dr, Loganville, GA 30052",Personal Care Home,PCH006952,43,https://www.seniorcaring.com/care-in-loganville-georgia/carriage-house-of-southern-plantation,9.5
Cedar Hill Senior Living Community,"402 E Ellawood Ave, Cedartown, GA 30125",Personal Care Home,PCH008895,60,https://www.charterseniorliving.com/our-communities/cedar-hill/,3.4
Cedar Plantation Senior Living & Alzheimers Community,"46637 GA-46, Metter, GA 30439",Personal Care Home,21030011,36,tel:912-685-4700,9.0
Celebration Village Acworth,"4460 Celebration Blvd, Acworth, GA 30101",Assisted Living Community,ALC000260,100,https://cvillage.com,0.0
Celebration Village Forsyth,"3000 Celebration Blvd, Suwanee, GA 30024",Assisted Living Community,ALC000278,100,https://cvillage.com,0.5
Charter Senior Living at Southern Pines,"423 Covington Ave, Thomasville, GA 31792",Personal Care Home,PCH009733,102,tel:229-226-6074,7.5
"Claiborne at West Lake, The","557 Furys Ferry Rd, Martinez, GA 30907",Assisted Living Community,ALC000566,111,tel:706-955-4549,0.0
Clary Care Center & Wilkinson,"249 Hospital Rd, Toccoa, GA 30577",Personal Care Home,127030011,104,https://stephenscountyhospital.com/services/personal-care-homes/clary-care-center/,0.8
Cobblestone Assisted Living at Park Springs,"600 Springhouse Cir, Stone Mountain, GA 30087",Assisted Living Community,ALC000005,94,https://www.parksprings.com/continuing-care/cobblestone/,1.0
Cobis Personal Care Home,"7200 Manor Rd, Columbus, GA 31907",Personal Care Home,106030081,100,https://www.assistedliving.com/georgia/columbus/cobis-personal-care-home/,0.0
"Cohen Home, The","10485 Jones Bridge Rd, Johns Creek, GA 30022",Assisted Living Community,ALC000103,47,https://www.cohenhome.org,1.5
Cottage Landing Memory Care Building / Cottage Landing,"150 Cottage Ln, Carrollton, GA 30117",Assisted Living Community and Personal Care Home,ALC000162,PCH008532,,8.6
"Cottages on Wesleyan Al, The","1633 Wesleyan Dr, Macon, GA 31210",Assisted Living Community,ALC000020,39,http://www.cottagesonwesleyan.com,1.0
Country Gardens Duluth,"3450 Duluth Park Ln NW, Duluth, GA 30096",Personal Care Home,PCH008649,76,https://www.ssmgrp.com/communities/georgia/country-gardens-duluth/,8.3
Country Gardens Dunwoody,"4594 Barclay Dr, Dunwoody, GA 30338",Personal Care Home,PCH008648,50,https://www.ssmgrp.com/communities/georgia/country-gardens-dunwoody/,10.5
Country Gardens Lanier Senior Living,"255 Elm St, Cumming, GA 30040",Personal Care Home,PCH009162,50,https://www.ssmgrp.com/communities/georgia/country-gardens-lanier/,6.0
Country Gardens Senior Living,"7175 Lester Rd, Union City, GA 30291",Personal Care Home,PCH008498,50,https://www.ssmgrp.com/communities/georgia/country-gardens-union-city/,3.0
Covenant Woods Retirement Community,"5424 Woodruff Farm Rd, Columbus, GA 31907",Personal Care Home,PCH008570,29,http://www.covenantwoodsretirement.com,0.5
Coventry Place,"2806 N Decatur Rd, Decatur, GA 30033",Personal Care Home,44030071,75,http://coventryplace-ga.com/,11.8
Cumming Manor Personal Care,"2775 Castleberry Rd, Cumming, GA 30040",Personal Care Home,58030011,40,http://www.cummingnursing.com/,8.5
Dahlonega Assisted Living,"55 Mechanicsville Road, Dahlonega, GA 30533",Assisted Living Community,ALC000624,144,tel:706-864-3000,0.0
Dalton Place,"1300 W Waugh St, Dalton, GA 30720",Assisted Living Community,ALC000188,75,http://www.enlivant.com/communities/georgia/dalton-place-dalton,1.5
Daybreak Village Senior Living Community,"3056 Cherokee St NW, Kennesaw, GA 30144",Personal Care Home,33030271,65,tel:678-848-2035,1.6
Delmar Gardens of Gwinnett,"3100 Club Dr, Lawrenceville, GA 30044",Assisted Living Community,ALC000119,100,https://www.delmargardens.com/facilities/delmar-gardens-of-gwinnett-independent/,1.3
Delmar Gardens of Smyrna,"404 King Springs Village Pkwy, Smyrna, GA 30082",Assisted Living Community,ALC000134,92,https://www.delmargardens.com/facilities/delmar-gardens-of-smyrna-independent/,1.4
Discovery Village at Sugarloaf,"1220 Satellite Blvd, Suwanee, GA 30024",Personal Care Home,PCH008512,110,https://www.discoveryvillages.com/senior-living/ga/suwanee/discovery-village-at-sugarloaf/,17.5
Dogwood Forest of Acworth,"4461 S Main St, Acworth, GA 30101",Assisted Living Community,ALC000235,120,https://www.dogwoodforest.com/assisted-living-acworth-ga-community.html,7.3
Dogwood Forest of Dunwoody,"7400 Peachtree Dunwoody Rd, Atlanta, GA 30328",Assisted Living Community,ALC000123,86,https://www.dogwoodforest.com/assisted-living-dunwoody-ga-community.html,5.5
Dogwood Forest of Grayson,"1754 Grayson Hwy, Grayson, GA 30017",Assisted Living Community,ALC000536,110,https://www.dogwoodforest.com/assisted-living-grayson-ga-community.html,0.0
Dublin Place,"504 Firetower Rd, Dublin, GA 31021",Personal Care Home,PCH008814,60,http://www.enlivant.com/communities/georgia/dublin-place-dublin,1.2
Dunwoody Place Personal Care Home,"1460 S Johnson Ferry Rd NE, Atlanta, GA 30319",Personal Care Home,PCH009781,133,https://www.pegasusseniorliving.com/communities/dunwoody-place/,9.8
Eagles Landing Senior Living,"475 Country Club Dr, Stockbridge, GA 30281",Assisted Living Community,ALC000122,81,https://www.fivestarseniorliving.com/communities/ga/stockbridge/eagles-landing-senior-living,2.8
Eastside Gardens,"2078 Scenic Hwy S, Snellville, GA 30078",Personal Care Home,67030111,66,https://www.fivestarseniorliving.com/communities/ga/snellville/eastside-gardens,4.0
Elmcroft of Martinez,"515 The Pass, Augusta, GA 30907",Assisted Living Community,ALC000273,70,https://www.elmcroft.com/community/elmcroft-of-martinez-georgia/,1.0
Elmcroft of Roswell,"400 Marietta Hwy, Roswell, GA 30075",Assisted Living Community,ALC000274,75,https://www.elmcroft.com/community/elmcroft-of-roswell-georgia/,1.3
Evergreen Assisted Living Facility,"2823 Gillionville Rd, Albany, GA 31721",Assisted Living Community,ALC000538,42,https://www.centurypines.org,2.3
Fellowship Home at Brookside,"470 Fellowship Home Ln, Valdosta, GA 31602",Assisted Living Community,ALC000019,142,https://fellowshiphome.net/locations/fellowship-home-at-brookside/,0.0
Fellowship Home at Cordelia Manor,"1307 Blackshear Rd, Cordele, GA 31015",Assisted Living Community,ALC000277,44,https://fellowshiphome.net/locations/fellowship-home-cordelia-manor/,0.5
Fellowship Home at Cotton Hill,"6330 Hwy 82 West, Cuthbert, GA 39840",Assisted Living Community,ALC000275,41,https://fellowshiphome.net/locations/fellowship-home-cotton-hill/,0.0
Fellowship Home at Meriwether,"10 Meriwether Rd NW, Milledgeville, GA 31061",Assisted Living Community,ALC000253,80,https://fellowshiphome.net/locations/fellowship-home-meriwether/,0.0
Fellowship Home of Nashville,"1207 E Mcpherson Ave, Nashville, GA 31639",Assisted Living Community,ALC000181,52,https://fellowshiphome.net/locations/fellowship-home-at-nashville/,0.0
Felton Manor Personal Care,"16 Roving Rd, Cartersville, GA 30121",Personal Care Home,8030061,50,http://feltonmanor.com/,4.0
Femi Care Marietta Living Center,"447 Atlanta St SE, Marietta, GA 30060",Personal Care Home,PCH008897,45,https://femicares.com/mlc,5.2
Femi Care Southern Pines Living Center,"258 College St, Maysville, GA 30558",Personal Care Home,PCH008896,36,https://www.thepinesmaysville.com/,29.0
Fite Living Center,"5 Fite St, Cartersville, GA 30120",Personal Care Home,8030021,40,http://ste7en.com/fitecenter/index.html,3.0
Fountains in Cartersville,"925 Douthit Ferry Road, Cartersville, GA 30120",Assisted Living Community,ALC000596,75,tel:770-462-2062,4.0
"Gables at Cobb Village, The","12 Cobb Memorial St, Royston, GA 30662",Assisted Living Community,ALC000042,48,http://www.gablesvillage.com,1.3
Gaines Park Senior Living,"1740 Old 41 Hwy NW, Kennesaw, GA 30152",Personal Care Home,33030151,68,https://gainespark.com,1.2
"Gardenias, The","75 Dutch Town Rd, Hampton, GA 30228",Personal Care Home,75030091,48,http://www.thegardeniascareservices.com,2.0
"Gardens at Calvary ALC, The","7595 Moon Rd, Columbus, GA 31909",Assisted Living Community,ALC000022,100,http://thegardensatcalvary.com/,1.4
"Gardens at Royal Oaks, The","1218 Broadrick Dr, Dalton, GA 30720",Personal Care Home,155030021,48,https://www.hamiltonhealth.com/locations/gardens-personal-care-home/,0.5
"Gardens at Southern Manor, The","625 Gentilly Rd, Statesboro, GA 30458",Personal Care Home,PCH008993,44,http://thegardensstatesboro.com/,0.7
Gardens of Fayetteville,"1294 GA-54, Fayetteville, GA 30214",Personal Care Home,PCH008615,84,https://www.fivestarseniorliving.com/communities/ga/fayetteville/gardens-of-fayetteville,2.0
Gardens of Gainesville,"3315 Thompson Bridge Rd, Gainesville, GA 30506",Assisted Living Community,ALC000125,92,https://www.fivestarseniorliving.com/communities/ga/gainesville/gardens-of-gainesville,3.0
"Gardens of Lake Spivey, The","8080 Summit Business Pkwy, Jonesboro, GA 30236",Personal Care Home,PCH006430,72,https://www.fivestarseniorliving.com/communities/ga/jonesboro/palms-(gardens)-of-lake-spivey,0.8
"Gardens of Rome, The","1168 Chulio Rd SE, Rome, GA 30161",Personal Care Home,PCH001002,60,tel:706-802-0990,14.0
"Gardens of Savannah, The","249 Holland Dr, Savannah, GA 31419",Personal Care Home,PCH001092,46,tel:912-925-3445,14.6
Gardens of Shiloh Point,"7955 Majors Rd, Cumming, GA 30041",Assisted Living Community,ALC00196,54,https://www.fivestarseniorliving.com/communities/ga/cumming/gardens-of-shiloh-point,0.3
Gardens of Smyrna,"1418 W Spring St, Smyrna, GA 30080",Personal Care Home,PCH002692,40,,7.6
"Gardens of Social Circle II, The","621 N Cherokee Rd, Social Circle, GA 30025",Personal Care Home,PCH001028,50,tel:770-464-4211,6.4
Gateway Gardens Assisted Living and Memory Care,"138 Gateway Ln, Bethlehem, GA 30620",Assisted Living Community,ALC000534,64,https://gatewaygardensal.com,0.5
"Georgian Lakeside, The","1070 Hardscrabble Rd, Roswell, GA 30075",Assisted Living Community,ALC000255,95,https://thrivesl.com/georgianlakeside/,1.0
"Glen at Lake Oconee Village, The","1070 Old Salem Rd, Greensboro, GA 30642",Assisted Living Community,ALC000233,110,https://theglenlakeoconee.com,1.5
Golden Crest Assisted Living,"2160 Lake Harbin Rd, Morrow, GA 30260",Assisted Living Community,ALC000182,45,http://www.goldencrest.com,2.7
Golden Crest Assisted Living at Eagle's Landing,"425 Country Club Dr, Stockbridge, GA 30281",Assisted Living Community,ALC000179,62,http://www.goldencrest.com/eagleslanding,3.4
Governor's Glen Mem Care & Assisted Living Community,"5000 Governors Dr, Forest Park, GA 30297",Assisted Living Community,ALC000539,60,https://governorsglen.com,1.4
Grace Senior Living,"8847 Hospital Dr, Douglasville, GA 30134",Personal Care Home,48030061,60,https://www.graceseniorliving.net,0.8
Gracemont Assisted Living & Memory Care / Gracemont Assisted Living & Memory Care 2,"4960 Jot Em Down Rd, Cumming, GA 30041",Assisted Living Community,ALC000033,ALC000032,https://www.fivestarseniorliving.com/communities/ga/cumming/gracemont,4.0
Great Oaks,"920 GA-138, Monroe, GA 30655",Assisted Living Community,ALC000046,194,http://www.greatoaks.net/home/,1.5
Greenwood Place,"1160 Whitlock Dr SW, Marietta, GA 30064",Assisted Living Community,ALC000206,70,http://www.enlivant.com/communities/georgia/greenwood-place-marietta,3.0
Greenwood Place Retirement Community,"949 W Elm St, Wrightsville, GA 31096",Assisted Living Community,ALC000007,49,http://www.enlivant.com/communities/georgia/greenwood-place-marietta,5.1
Habersham House Senior Residence,"5200 Habersham St, Savannah, GA 31405",Assisted Living Community,ALC000102,72,https://www.fivestarseniorliving.com/communities/ga/savannah/habersham-house,2.5
Habersham Retreat ALC,"258 Park Ave, Baldwin, GA 30511",Assisted Living Community,ALC000267,40,https://habershamretreat.com,3.3
"Harbor at Harmony Crossing, The","923 Harmony Rd, Eatonton, GA 31024",Assisted Living Community,ALC000200,75,https://royalseniorcare.com/harboratharmonycrossing/,1.7
"Harbor at Renaissance Marquis, The / Renaissance Marquis Retirement Village","3126 Cedartown Hwy, Rome, GA 30161",Assisted Living Community and Personal Care Home,ALC000013,PCH006469,https://www.renaissancemarquis.com,0.8
Hearthstone at Presbyterian / Presbyterian Village,"2000 East-West Connector, Marietta, GA 30008",Personal Care Home,33030381,33030111,https://www.phgainc.org/locations/austell-ga/,0.6
Heartis Fayetteville,"936 W Lanier Ave, Fayetteville, GA 30215",Assisted Living Community,ALC000544,96,https://heartis.com/communities/fayetteville/,0.0
Heartis Suwanee,"4055 Suwanee Dam Road, Suwanee, GA 30024",Assisted Living Community,ALC000574,102,tel:770-614-6601,0.0
Heritage of Brookstone,"5235 Stilesboro Rd, Kennesaw, GA 30152",Personal Care Home,PCH006944,70,https://www.heritageofbrookstone.com,3.0
"Heritage of Marietta, The","1790 Powder Springs Rd SW, Marietta, GA 30064",Assisted Living Community,PCH000543,75,https://marietta.surpassliving.com,5.5
Heritage of Peachtree,"1967 GA-54, Fayetteville, GA 30214",Personal Care Home,PCH006946,50,https://www.heritageofpeachtree.com/?gclid=Cj0KCQjw_OzrBRDmARIsAAIdQ_KGm42SMTksv-ynt6huYv3yHkgNqyqHTQ5PYig17ai58fD0Sa9jcg0aAk9pEALw_wcB,1.3
Heritage of Sandy Plains,"3039 Sandy Plains Rd, Marietta, GA 30066",Personal Care Home,PCH006954,70,https://www.heritageofsandyplains.com,4.5
Historic Roswell Place Assisted Living & Memory,"75 Magnolia St, Roswell, GA 30075",Assisted Living Community,ALC000567,96,https://www.pegasusseniorliving.com/communities/historic-roswell-place/,1.7
Holbrook of Decatur,"1882 Clairmont Road, Decatur, GA 30033",Assisted Living Community,ALC000595,129,tel:404-496-6794,0.0
Hollander Senior Living of Monroe,"171 US-78, Monroe, GA 30656",Personal Care Home,PCH008227,50,http://www.hollanderseniorliving.com,8.0
Hollander Senior Living of Sandy Springs,"5399 Northland Dr, Atlanta, GA 30342",Assisted Living Community,ALC000035,60,https://themannhouse.com,6.8
Homelife on Glynco,"1550 Glynco Pkwy, Brunswick, GA 31525",Personal Care Home,PCH008367,65,http://www.homelifeonglynco.com,5.6
Hope Assisted Living & Memory Care Center,"1200 Winder Hwy, Dacula, GA 30019",Assisted Living Community,ALC000166,64,https://www.ssmgrp.com/communities/georgia/hope-center-dacula/,5.5
Hope Center Memory Care,"355 Brandywine Blvd, Fayetteville, GA 30214",Assisted Living Community,ALC000243,64,https://www.phoenixsrliving.com/senior-living/ga/fayetteville/hope-center-memory-care/,2.1
Insignia of Newnan,"27 Belt Rd, Newnan, GA 30263",Assisted Living Community,ALC000285,60,https://insigniaseniorliving.com/newnan-2/,2.0
Insignia of Towne Lake,"1835 Eagle Dr, Woodstock, GA 30189",Assisted Living Community,ALC000554,44,https://insigniaseniorliving.com/towne-lake/,1.3
Inspired Living at Alpharetta,"11450 Morris Rd, Alpharetta, GA 30005",Assisted Living Community,ALC000257,177,https://inspiredliving.care/inspired-living-at-alpharetta/,5.3
Ivy Hall Assisted Living,"5690 State Bridge Rd, Johns Creek, GA 30022",Assisted Living Community,ALC000158,65,,4.7
John-Wesley Villas,"5471 Thomaston Rd, Macon, GA 31220",Assisted Living Community,ALC000083,160,https://assistedlivingmacon.com,2.8
John-Wesley Villas of Savannah,"231 W Montgomery Cross Rd, Savannah, GA 31406",Assisted Living Community,ALC000086,49,https://johnwesleyvillas.com,0.3
Jonesboro Assisted Living Center,"2620 GA-138, Jonesboro, GA 30236",Assisted Living Community,ALC000045,45,tel:770-603-5559,4.8
Kennesaw Place,"2800 Jiles Rd, Kennesaw, GA 30144",Personal Care Home,PCH008815,50,http://www.enlivant.com/communities/georgia/kennesaw-place-kennesaw,2.7
Kimberly Personal Care Home,"700 W Memorial Dr, Dallas, GA 30132",Personal Care Home,110030021,42,https://www.kimberlypersonalcarehome.com,1.7
King's Bridge Retirement Center,"3055 Briarcliff Rd NE, Atlanta, GA 30329",Assisted Living Community,ALC000286,40,tel:404-321-0263,5.0
Lakes Crossing Senior Care,"900 Gross Rd, Kingsland, GA 31548",Personal Care Home,PCH009158,65,https://www.lakesseniorliving.com/lakes-crossing-senior-living/,3.8
Lakeside Senior Living,"1025 N Chester Ave, Douglas, GA 31533",Personal Care Home,PCH009755,70,https://www.lakesseniorliving.com,0.0
"Landings at Norcross, The","680 Holcomb Bridge Rd, Norcross, GA 30071",Assisted Living Community,ALC000138,84,tel:770-368-0292,1.5
"Landings of Columbus, The","6830 River Rd, Columbus, GA 31904",Personal Care Home,PCH001537,64,https://affinitylivinggroup.com/community/the-landings-of-columbus,9.5
Landings of Douglas,"1360 W Gordon St, Douglas, GA 31533",Personal Care Home,PCH001533,58,tel:912-384-6522,2.2
"Landings of Gainesville, The","2030 Windward Ln, Gainesville, GA 30501",Personal Care Home,PCH001530,50,https://affinitylivinggroup.com/community/the-landings-of-gainesville,4.6
Langdale Place,"2720 Windemere Dr, Valdosta, GA 31602",Personal Care Home,92030011,51,http://www.langdaleplace.com,0.3
Lanier Place,"440 Tribble Gap Rd, Cumming, GA 30040",Personal Care Home,PCH009009,90,http://www.enlivant.com/communities/georgia/lanier-place-cumming,9.3
Legacy Village / Legacy Village of Tifton Personal Care,"1934 Whiddon Mill Rd, Tifton, GA 31793",Assisted Living Community and Personal Care Home,ALC000044,137030011,https://www.legacytifton.net,0.0
Legacy Village at Park Regency,"3000 S Veterans Pkwy, Moultrie, GA 31788",Assisted Living Community,ALC000168,70,https://www.legacymoultrie.net,0.6
Legacy Village at Plantation Manor,"220 Park Ave, Thomasville, GA 31792",Personal Care Home,PCH008541,84,https://www.legacythomasville.net,1.6
Lenbrook Assisted Living,"3747 Peachtree Rd, Atlanta, GA 30319",Assisted Living Community,ALC000251,25,https://lenbrook-atlanta.org,11.5
"Lodge at Aspen Village, The","135 Hillside Dr, Dallas, GA 30157",Personal Care Home,PCH008173,104,https://aspenvillageseniorliving.com,23.0
"Lodge at Bethany, The","77 Bethany Way, Statesboro, GA 30458",Assisted Living Community,ALC000194,60,tel:912-764-7960,0.3
"Madeline of Decatur, The","475 Irvin Ct, Decatur, GA 30030",Assisted Living Community,ALC000242,70,https://themadelinememorycare.com,6.1
Madison Heights,"2822 Knob Hill Farm Rd, Evans, GA 30809",Assisted Living Community,ALC000157,60,https://www.madisonheightsevans.com,7.3
Magnolia Estates,"68 College Ave, Elberton, GA 30635",Personal Care Home,52030011,50,http://magnoliaestates.com/magnolia-estates-elberton/,3.3
Magnolia Estates of Oconee,"1641 Virgil Langford Rd, Bogart, GA 30622",Personal Care Home,PCH009749,48,http://www.magnoliaestatesoconee.com,1.5
Magnolia Estates of Winder,"624 Gainesville Hwy, Winder, GA 30680",Personal Care Home,7030021,47,http://magnoliaestates.com/,3.3
Magnolia Hills Retirement Home,"504 Old Historic U.S.441, Demorest, GA 30535",Personal Care Home,68030041,60,https://www.magnoliahills.org,7.0
Magnolia Manor of Columbus Assisted Living,"2040 Warm Springs Rd, Columbus, GA 31904",Assisted Living Community,ALC000218,44,https://www.magnoliamanor.com/columbus/,0.0
Magnolia Manor of Macon,"194 Pierce Ave, Macon, GA 31204",Assisted Living Community,ALC000550,30,https://www.magnoliamanor.com/macon/,2.5
Magnolia Manor of St Mary's,"4695 Charlie Smith Sr Hwy, St Marys, GA 31558",Assisted Living Community,ALC000072,25,https://www.magnoliamanor.com/st-marys/,0.7
Magnolia Manor of St Simons,"300 Heritage Dr, St Simons, GA 31522",Assisted Living Community,ALC000040,34,https://www.magnoliamanor.com/st-simons-island/,1.5
Magnolia Manor on the Coast,"141 Timber Trail, Richmond Hill, GA 31324",Assisted Living Community,ALC000050,36,https://www.magnoliamanor.com,0.7
Magnolia Manor South,"3011 S Veterans Pkwy, Moultrie, GA 31788",Assisted Living Community,ALC000049,30,,0.0
Magnolia Place of Cairo,"1710 S Broad St, Cairo, GA 39828",Personal Care Home,65030011,50,http://www.magnoliaplacecairo.com,0.8
Magnolia Place of Roswell PCH & Memory Care,"655 Mansell Rd, Roswell, GA 30076",Personal Care Home,PCH009782,101,https://www.pegasusseniorliving.com/communities/magnolia-place-of-roswell/,7.5
Magnolia Senior Living,"89 Ozora Rd, Loganville, GA 30052",Personal Care Home,PCH008388,73,http://magnoliaseniorlivingusa.com/,3.6
Magnolia Senior Living at Sugar Hill,"422 Riverside Rd, Sugar Hill, GA 30518",Personal Care Home,PCH009895,70,tel:770-904-4023,0.0
Majestic Manor,"67 Pin Oak Dr, Rock Spring, GA 30739",Personal Care Home,146030011,34,http://majestic-manor.com/,2.0
Majestic Senior Living Bowdon,"501 Mitchell Ave, Bowdon, GA 30108",Personal Care Home,PCH008779,78,https://www.majesticseniorliving.com/,4.0
Manchester Court Assisted Living & Memory Care,"1358 Manchester Dr NE, Conyers, GA 30012",Assisted Living Community,ALC000248,70,http://manchestercourtal.com/,12.5
"Mann House Cumming/Forsyth, The","8025 Majors Rd, Cumming, GA 30041",Assisted Living Community,ALC000258,50,https://themannhouse.com,0.0
"Mann House, The","5413 Northland Dr, Atlanta, GA 30342",Personal Care Home,PCH008252,40,http://www.hollanderseniorliving.com,4.0
Manor Lake Bridgemill,"131 Holly St, Canton, GA 30114",Assisted Living Community,ALC000552,86,https://www.manorlakebr.com,0.5
Manor Lake Gainesville,"2900 McEver Road, Gainesville, GA 30504",Assisted Living Community,ALC000588,94,tel:678-940-1191,0.0
Manor Lake Hiram,"68 Breezy Valley Conn, Hiram, GA 30141",Assisted Living Community,ALC000611,100,tel:678-973-1906,0.0
Mansions at Alpharetta Senior Living & Memory,"3675 Old Milton Pkwy, Alpharetta, GA 30022",Assisted Living Community,ALC000548,115,https://mansionsseniorliving.com/properties/welcome-to-the-mansions-at-alpharetta-all-inclusive-55-senior-independent-living/,0.8
Mansions at Gwinnett Park,"2450 Buford Drive, Lawrenceville, GA 30043",Assisted Living Community,ALC000642,110,tel:470-394-1800,0.0
Mansions at Sandy Springs,"7300 Spalding Drive, Peachtree Corners, GA 30092",Assisted Living Community,ALC000601,110,tel:678-684-6990,0.0
Maple Court Senior Residence,"2408 Tift Ave N, Tifton, GA 31794",Personal Care Home,137030021,45,tel:229-382-1791,0.3
Marsh's Edge,"111 Renegar Way, St Simons, GA 31522",Assisted Living Community,ALC000054,32,https://marshs-edge.com/?gclid=Cj0KCQjw2efrBRD3ARIsAEnt0eh17Huk3zWyrIqkBtGvnyoA3JVsq1CdcNzRHT2mLVZQZ5holwqm6McaAodfEALw_wcB&campaign=2069905429&group=79257710387&creative=367936913172&keyword=marsh%20edge&matchtype=p&device=c&network=g&location=9010944,2.5
Marshall Pines Alzheimer's Special Care Center,"743 N Belair Rd, Evans, GA 30809",Assisted Living Community,ALC000190,66,https://www.sunshineretirementliving.com/marshall-pines-retirement-community-evans-ga/,2.8
Mary and Martha's Personal Care Home,"616 Mohawk St, Rossville, GA 30741",Personal Care Home,146030031,42,https://www.maryandmarthaspc.com,4.8
Mattie H. Marshall Memory Care Center / Magnolia Manor Retirement Center,"2001 S Lee St, Americus, GA 31709",Assisted Living Community and Personal Care Home,ALC000048,129030021,https://www.magnoliamanor.com/americus-memory-care,1.0
Medlock Gardens Senior Living,"460 Medlock Rd, Decatur, GA 30030",Personal Care Home,44030081,42,https://www.premierseniorliving.com/medlock.html,5.5
"Memory Center Atlanta, The","12050 Findley Rd, Johns Creek, GA 30097",Assisted Living Community,ALC000256,96,https://www.thememorycenter.com/communities/atlanta/,1.5
Merrill Gardens at Woodstock,"12730 GA-92, Woodstock, GA 30188",Assisted Living Community,ALC000232,160,https://www.merrillgardens.com/senior-living/ga/woodstock/merrill-gardens-at-woodstock/,0.0
Merryvale Assisted Living,"11980 GA-142, Oxford, GA 30054",Assisted Living Community and Personal Care Home,ALC000551,107030021,https://www.merryvaleal.com,2.0
Monarch House,"299 Bullsboro Dr, Newnan, GA 30263",Assisted Living Community,ALC000546,60,https://monarchhouse.net,1.0
Monarch Village at Stockbridge,"100 Monarch Village Way, Stockbridge, GA 30281",Assisted Living Community,ALC000160,46,https://autumnleaves.com/communities/stockbridge/,9.5
"Montclair, The","2100 Clairmont Rd, Atlanta, GA 30329",Personal Care Home,44030061,58,,3.2
Morning Point of Calhoun,"660 Jolly Rd NW, Calhoun, GA 30701",Assisted Living Community,ALC000147,71,https://morningpointe.com/locations/calhoun/,2.2
Morningside of Alpharetta,"253 N Main St, Alpharetta, GA 30009",Personal Care Home,PCH008612,89,https://www.fivestarseniorliving.com/communities/ga/alpharetta/morningside-of-alpharetta,2.0
Morningside of Athens,"1291 Cedar Shoals Dr, Athens, GA 30605",Personal Care Home,29030021,50,https://www.fivestarseniorliving.com/communities/ga/athens/morningside-of-athens,2.3
Morningside of Columbus,"4500 S Stadium Dr, Columbus, GA 31909",Assisted Living Community,ALC000097,50,https://www.fivestarseniorliving.com/communities/ga/columbus/morningside-of-columbus,1.5
Morningside of Conyers,"1352 Wellbrook Cir NE, Conyers, GA 30012",Assisted Living Community,ALC000096,70,https://www.fivestarseniorliving.com/communities/ga/conyers/morningside-of-conyers,8.0
Morningside of Dalton,"2470 Dug Gap Rd, Dalton, GA 30720",Assisted Living Community,ALC000095,48,https://www.fivestarseniorliving.com/communities/ga/dalton/morningside-of-dalton,5.0
Morningside of Evans,"353 N Belair Rd, Evans, GA 30809",Assisted Living Community,ALC000094,52,https://www.fivestarseniorliving.com/communities/ga/evans/morningside-of-evans,1.8
Morningside of Gainesville,"2435 Limestone Pkwy, Gainesville, GA 30501",Assisted Living Community,ALC000093,45,https://www.fivestarseniorliving.com/communities/ga/gainesville/morningside-of-gainesville,0.8
Morningside of Macon,"6191 Peake Rd, Macon, GA 31220",Assisted Living Community,ALC000092,54,https://www.fivestarseniorliving.com/communities/ga/macon/morningside-of-macon,1.2
Morningside of Savannah,"7410 Skidaway Rd, Savannah, GA 31406",Assisted Living Community,ALC000099,89,https://www.fivestarseniorliving.com/communities/ga/savannah/morningside-of-savannah,2.0
Mount Carmel Assisted Living,"3084 Mt Carmel Rd, Hampton, GA 30228",Assisted Living Community,ALC000171,45,tel:770-946-3376,3.0
Mountain View Pch,"3675 Kensington Rd, Decatur, GA 30032",Personal Care Home,44030101,35,,5.5
Mulberry Grove,"343 Price St, Statham, GA 30666",Personal Care Home,PCH007673,46,https://mulberry-grove.com,0.5
North Georgia Assisted Living & Memory Care,"181 Memory Ln, Dawsonville, GA 30534",Assisted Living Community,ALC000172,48,https://www.ssmgrp.com/communities/georgia/north-georgia-assisted-living/,1.5
Northlake Gardens,"1300 Montreal Rd, Tucker, GA 30084",Assisted Living Community,ALC000091,66,https://www.fivestarseniorliving.com/communities/ga/tucker/northlake-gardens,10.0
Northstar Place,"3250 Quick Water Landing, Kennesaw, GA 30144",Personal Care Home,PCH009008,72,http://www.enlivant.com/communities/georgia/northstar-place-kennesaw,4.3
Oak Bridge Terrace at Lanier Village Est,"3950 Village View Dr, Gainesville, GA 30506",Assisted Living Community,ALC000140,40,https://www.actsretirement.org/communities/georgia/lanier-village-estates-gainesville/,0.7
"Oaks - Carrollton Assisted Living, The","921 Old Newnan Rd, Carrollton, GA 30116",Assisted Living Community,ALC000015,42,tel:770-834-2242,0.0
"Oaks - Scenic View Assisted Living, The","209 Peach Orchard Rd, Baldwin, GA 30511",Assisted Living Community,ALC000016,38,tel:706-778-8377,2.0
Oaks Al at Marshes of Skidaway Island,"95 Skidaway Island Park Rd, Savannah, GA 31411",Assisted Living Community,ALC000036,31,https://www.marshesofskidaway.org,0.0
Oaks at Ashton Hills,"10050 Eagle Dr, Covington, GA 30014",Assisted Living Community,ALC000559,90,https://www.oaksseniorliving.com/oaks-at-ashton-hills/covington-ga,0.0
Oaks at Braselton,"5373 Thompson Mill Rd, Hoschton, GA 30548",Assisted Living Community,ALC000133,100,tel:770-965-7003,2.3
Oaks at Grove Park,"1479 Grove Park Drive, Columbus, GA 31904",Assisted Living Community,ALC000597,90,tel:706-507-4460,0.0
Oaks at Hampton Assisted Living,"5610 Hampton Park Dr, Cumming, GA 30041",Assisted Living Community,ALC000059,110,tel:678-965-5700,1.0
Oaks at Pooler,"125 Southern Jct Blvd, Pooler, GA 31322",Assisted Living Community,ALC000228,110,tel:912-348-2360,2.3
Oaks at Post Road,"3875 Post Rd, Cumming, GA 30040",Assisted Living Community,ALC000135,110,https://www.oaksseniorliving.com/oaks-at-post-road/cumming-ga,1.3
Oaks at Towne Lake,"4580 Towne Lake Pkwy, Woodstock, GA 30189",Assisted Living Community,ALC000249,92,https://www.oaksseniorliving.com/oaks-at-towne-lake/woodstock-ga/,0.0
"Oaks, The - Bethany Assisted Living","1400 NE Main St, Vidalia, GA 30474",Personal Care Home,PCH008331,48,tel:912-538-9700,1.0
"Oaks, The - Peake","400 Foster Rd, Macon, GA 31210",Personal Care Home,11030051,37,tel:478-474-0025,3.8
Oasis at Scholars Landing,"134 John Hope Dr SW, Atlanta, GA 30314",Personal Care Home,PCH008713,70,,1.0
Orchard at Brookhaven,"1634 Afton Lane NE, Brookhaven, GA 30329",Assisted Living Community,ALC000570,100,tel:404-649-4454,0.0
"Orchard at Stone Creek, The","4900 Tillman Crossing, Hahira, GA 31632",Assisted Living Community,ALC000250,75,https://www.theorchardatstonecreek.com,1.0
"Overlook at Cedarcrest, The","2351 Cedarcrest Rd, Acworth, GA 30101",Assisted Living Community,ALC000207,72,https://www.fivestarseniorliving.com/communities/ga/acworth/overlook-at-cedarcrest,1.5
Palmetto Inn,"1 Savannah Square Dr, Savannah, GA 31406",Personal Care Home,25030101,46,https://www.fivestarseniorliving.com/communities/ga/savannah/savannah-square,5.0
Parc at Duluth,"3315 Peachtree Industrial Blvd, Duluth, GA 30096",Personal Care Home,PCH009209,40,http://parcatduluth.com/,2.5
Parc at Piedmont,"999 Hood Rd, Marietta, GA 30068",Personal Care Home,PCH009206,40,https://parcatpiedmont.com/,1.0
Peachtree Creek Assisted Living Community,"4375 Beech Haven Trail, Smyrna, GA 30080",Assisted Living Community,ALC000213,64,,2.1
Peachtree Village at Suwanee,"1475 Satellite Blvd, Suwanee, GA 30024",Assisted Living Community,ALC000034,46,https://autumnleaves.com/communities/sugarloaf/,6.7
"Pearl at Dallas, The","3366 Atlanta Hwy, Dallas, GA 30132",Assisted Living Community,ALC000283,96,https://www.phoenixsrliving.com/senior-living/ga/dallas/the-pearl-at-dallas/,0.7
Pebblebrook Memory Care at Park Springs,"5610 Bermuda Rd SW, Stone Mountain, GA 30087",Assisted Living Community,ALC000537,42,https://www.parksprings.com/continuing-care/pebblebrook/,2.0
Perfect Care,"114 Sullivan Dr, Americus, GA 31709",Personal Care Home,129030051,64,https://www.perfectcareamericus.net,2.8
"Phoenix at Albany, The","1721 Beattie Rd, Albany, GA 31721",Personal Care Home,PCH009748,70,https://www.phoenixsrliving.com/senior-living/ga/albany/the-phoenix-at-albany/,0.8
"Phoenix at Dunwoody, The","4484 N Shallowford Rd, Dunwoody, GA 30338",Assisted Living Community,ALC000282,80,https://www.phoenixsrliving.com/senior-living/ga/dunwoody/the-phoenix-at-dunwoody/,4.0
Phoenix at James Creek,"90 Ruth Lane, Cumming, GA 30041",Assisted Living Community,ALC000584,103,tel:678-685-8940,0.0
"Phoenix at Lake Joy, The","100 Lake Crossing Dr, Warner Robins, GA 31088",Assisted Living Community,ALC000568,102,https://www.phoenixsrliving.com/senior-living/ga/warner-robins/the-phoenix-at-lake-joy/,6.0
"Phoenix at Lake Lanier, The","2601 Thompson Bridge Rd, Gainesville, GA 30501",Assisted Living Community,ALC000268,180,https://www.phoenixsrliving.com/senior-living/ga/gainesville/lake-lanier/,4.7
"Phoenix at Milton, The","13943 GA-9, Alpharetta, GA 30004",Assisted Living Community,ALC000280,105,https://www.phoenixsrliving.com/senior-living/ga/milton/the-phoenix-at-milton/,2.0
"Phoenix at Roswell, The","11725 Pointe Pl, Roswell, GA 30076",Assisted Living Community,ALC000281,60,https://www.phoenixsrliving.com/senior-living/ga/roswell/the-phoenix-at-roswell/assisted-living,0.8
"Phoenix at Tucker, The","2060 Idlewood Rd, Tucker, GA 30084",Assisted Living Community,ALC000287,90,https://www.phoenixsrliving.com/senior-living/ga/tucker/the-phoenix-at-tucker/,0.2
"Piedmont at Buckhead, The","650 Phipps Blvd NE, Atlanta, GA 30326",Assisted Living Community,ALC000155,40,https://www.srgseniorliving.com/communities/buckhead-ga-piedmont-buckhead,1.0
Plantation Suites,"6000 Plantation Way, Macon, GA 31210",Personal Care Home,11030131,50,https://baptistvillage.com/our-communitites/macon/plantation-suites/,0.3
Plaza Personal Care Center,"110 Edgeworth Rd, Newnan, GA 30263",Personal Care Home,38030031,55,tel:404-728-6591,3.2
Plaza Personal Care Center at Talmage Terrace,"801 Riverhill Dr, Athens, GA 30606",Personal Care Home,29030051,37,https://www.wesleywoods.org/talmage-terrace/healthcare-services/,2.0
Provident Village at Canton,"1100 Reinhardt College Pkwy, Canton, GA 30114",Assisted Living Community,ALC000175,94,https://www.providentvillage.com/our-communities/canton/,0.0
Provident Village at Creekside,"4838 S Cobb Dr SE, Smyrna, GA 30080",Assisted Living Community,ALC000185,129,tel:678-903-0339,0.8
Remembrance Village at Riverwood Senior Living / Riverwood Senior Living,"511 W 10th St NE, Rome, GA 30165",Assisted Living Community and Personal Care Home,ALC000180,057030011,https://riverwoodretirement.com,0.5
Renaissance on Peachtree,"3755 Peachtree Rd, Atlanta, GA 30319",Assisted Living Community,ALC000189,63,https://www.arborcompany.com/locations/georgia/atlanta-renaissance-on-peachtree,1.8
"Retreat at Buford, The","3177 Gravel Springs Rd, Buford, GA 30519",Personal Care Home,PCH008599,90,https://www.phoenixsrliving.com/senior-living/ga/buford/retreat-at-buford/assisted-living,3.5
"Retreat at Conyers, The","1508 Renaissance Dr NE, Conyers, GA 30012",Personal Care Home,PCH006948,68,,6.0
"Retreat at Loganville, The","580 Tommy Lee Fuller Dr, Loganville, GA 30052",Personal Care Home,PCH006950,87,https://www.seniorlifestyle.com/property/southern-plantation/,4.8
River Place,"3492 Johnstonville Rd, Forsyth, GA 31029",Personal Care Home,PCH009207,40,https://riverplacega.com,0.0
Rock Creek Manor,"50 Cagle Mill Rd S, Jasper, GA 30143",Personal Care Home,112030021,30,https://rockcreekjasper.com,2.3
Rosewood Assisted Living / The Rosewood at Fort Oglethorpe,"14 Fort Town Dr, Fort Oglethorpe, GA 30742",Assisted Living Community and Personal Care Home,ALC000146,023030011,https://rosewoodforto.com,2.0
Sandy Springs Personal Care Center,"300 Johnson Ferry Rd, Atlanta, GA 30328",Personal Care Home,60030071,28,https://mountvernontowers.com/personal-care/,2.0
Sandy Springs-Memory Care / Sandy Springs Personal Care,"1260 and 1262 Hightower Trail, Sandy Springs, GA 30350",Personal Care Home,PCH008812,PCH008813,http://www.enlivant.com/communities/georgia/sandy-springs-place-atlanta,7.2
Savannah Commons,"1 Peachtree Dr, Savannah, GA 31419",Assisted Living Community,ALC000225,73,https://thesocialsl.com/savannahcommons/,2.2
Savannah Court of Camilla,"161 E Broad St, Camilla, GA 31730",Personal Care Home,PCH009065,40,https://www.slm.net/senior-living/ga/camilla/savannah-court-of-camilla/,1.2
Savannah Court of Lake Oconee,"1061 Willow Run Rd, Greensboro, GA 30642",Personal Care Home,PCH005666,72,https://www.slm.net/senior-living/ga/greensboro/savannah-court-of-lake-oconee/,3.5
Savannah Court of Milledgeville,"61 Marshall Rd NE, Milledgeville, GA 31061",Personal Care Home,PCH007850,48,https://www.slm.net/senior-living/ga/milledgeville/savannah-court-of-milledgeville/,5.2
Savannah Grand of Columbus,"8301 Franciscan Woods Dr, Columbus, GA 31909",Assisted Living Community,ALC000178,60,https://www.slm.net/senior-living/ga/columbus/savannah-grand-of-columbus/,9.0
Senior Living Suites at Parkside,"3000 Lenora Church Rd, Snellville, GA 30078",Personal Care Home,PCH002261,78,,3.7
Seven Hills Place,"279 Technology Pkwy, Rome, GA 30165",Assisted Living Community,ALC000199,47,http://www.enlivant.com/communities/georgia/seven-hills-place-rome,2.0
Shepherd Living at Savannah Quarters,"101 Shepherd Way, Pooler, GA 31322",Assisted Living Community,ALC000556,124,https://www.legacysavannahquarters.com/,0.0
Silverleaf Alzheimer's Care of Athens,"705 Whitehead Rd, Athens, GA 30606",Personal Care Home,29030041,56,https://www.assistedlivinghomeathensga.com/,10.3
Silverleaf Alzheimer's Care of Snellville,"2106 Mc Gee Rd SW, Snellville, GA 30078",Personal Care Home,67030181,56,,19.5
"Solana East Cobb, The","1032 Johnson Ferry Rd, Marietta, GA 30068",Assisted Living Community,ALC000613,120,tel:770-999-9002,0.0
Somerby Peachtree City,"200 Rockaway Rd, Peachtree City, GA 30269",Assisted Living Community,ALC000581,121,tel:470-278-2240,2.5
Somerby Sandy Springs,"25 Glenlake Pkwy NE, Sandy Springs, GA 30328",Assisted Living Community,ALC000585,97,tel:770-695-0230,2.3
Southern Manor Retirement Inn,"1532 Fair Rd, Statesboro, GA 30458",Personal Care Home,PCH005502,47,http://southernmanorstatesboro.com/,0.3
Spanish Oaks Retreat,"8510 Whitefield Ave, Savannah, GA 31406",Assisted Living Community,ALC000060,36,https://spanishoakshospice.com,0.2
Sparks Inn Retirement Center,"7290 Lester Rd, Union City, GA 30291",Assisted Living Community,ALC000128,150,tel:770-964-3301,1.6
Spring Harbor at Green Island,"100 Spring Harbor Dr, Columbus, GA 31904",Personal Care Home,106030261,60,https://www.springharborlife.org,0.3
St Francis Assisted Living Community,"4901 Harrison Rd, Macon, GA 31206",Assisted Living Community,ALC000563,45,https://stfrancisassistedliving.wpcomstaging.com,13.6
St Ives Assisted Living,"5835 Medlock Bridge Pkwy, Johns Creek, GA 30022",Assisted Living Community,ALC000159,44,,2.5
St Marys Highland Hills Village,"1660 Jennings Mill Rd, Watkinsville, GA 30677",Assisted Living Community,ALC000021,59,https://www.highlandhillsvillage.com,0.6
St. Gabriel of Athens,"2040 Resurgence Dr, Bogart, GA 30622",Assisted Living Community,ALC000612,90,https://www.stgabrielathens.com/,5.0
Star Manor,"241 Nelson St, Cartersville, GA 30120",Personal Care Home,8030041,43,http://starmanor.net/,5.0
Sterling Estates,"3165 Dallas Hwy, Marietta, GA 30064",Assisted Living Community,ALC000220,115,https://www.sterlingestateswestcobb.com/,0.0
Sterling Estates Senior Living Community,"4220 Lower Roswell Rd, Marietta, GA 30068",Assisted Living Community,ALC000170,110,https://www.sterlingestateseastcobb.com,5.6
Stewart Community Home,"1125 15th St, Columbus, GA 31901",Personal Care Home,106030151,72,https://stewartcommunityhome.com,2.0
"Stewart House, The","102 South St, Carrollton, GA 30117",Personal Care Home,22030051,50,http://thestewarthouse.info/,0.5
Stone Brooke Suites,"114 Stone Brooke Dr, Gray, GA 31032",Personal Care Home,84030011,43,http://www.stonebrookesuites.org,0.0
"Suites at Cypress Pond, The","15 Kent Rd, Tifton, GA 31794",Personal Care Home,137030031,50,tel:229-382-3333,0.3
"Suites at Poplar Creek, The","114 Old Airport Rd, LaGrange, GA 30240",Personal Care Home,141030031,50,tel:706-845-1500,2.5
"Suites at Station Exchange, The","3205 TSX Grand Central, Richmond Hill, GA 31324",Personal Care Home,PCH008439,50,tel:912-445-2425,4.0
"Suites at Willow Pond, The","4344 Country Club Rd, Statesboro, GA 30458",Personal Care Home,16030031,50,tel:912-489-4774,3.6
"Suites of Woodleaf, The","2022 E Pinetree Blvd, Thomasville, GA 31792",Personal Care Home,136030041,45,tel:229-226-8682,0.5
Summer Breeze Senior Living,"351 Wilmington Island Rd, Savannah, GA 31410",Assisted Living Community,ALC000192,55,tel:912-712-2832,4.3
Summer's Landing,"311 Jerriel St, Vidalia, GA 30474",Personal Care Home,138030021,48,tel:912-537-1574,5.5
Summer's Landing Bayberry Trace,"315 Arrowhead Blvd, Jonesboro, GA 30236",Personal Care Home,PCH008185,36,https://summers-landing-bayberry-trace.business.site,3.3
Summer's Landing of Warner Robins,"600 S Kimberly Rd, Warner Robins, GA 31088",Assisted Living Community,ALC000063,88,https://summerslandingwr.com,0.0
Summers Landing Tilly Mill,"4821 N Peachtree Rd, Dunwoody, GA 30338",Personal Care Home,44030201,30,https://www.tillymill.com,9.7
Summerset,"3711 Benjamin E Mays Dr SW, Atlanta, GA 30331",Assisted Living Community,ALC000041,180,https://www.summersetalc.com,1.8
Sumter County Retirement Vill,"2124 US-280, Plains, GA 31780",Personal Care Home,129030061,48,,5.0
Sunabella at Savannah,"11310 White Bluff Rd, Savannah, GA 31419",Assisted Living Community,ALC000606,36,https://insigniaseniorliving.com,6.4
Sunny Grove,"665 Gordon Rd, Barnesville, GA 30204",Personal Care Home,85030011,40,https://sunnygrovega.com,6.8
Sunrise at Huntcliff Summit,"8480 Roswell Rd, Sandy Springs, GA 30350",Assisted Living Community,ALC000028,94,https://www.sunriseseniorliving.com/communities/sunrise-at-huntcliff-summit-ii/overview.aspx,2.3
Sunrise at Webb Gin,"1375 Webb Gin House Rd, Lawrenceville, GA 30045",Assisted Living Community,ALC000037,100,https://www.sunriseseniorliving.com/communities/sunrise-at-webb-gin/overview.aspx,4.0
Sunrise of Buckhead,"1000 Lenox Park Blvd NE, Atlanta, GA 30319",Assisted Living Community,ALC000120,125,https://www.sunriseseniorliving.com/communities/sunrise-at-buckhead/overview.aspx,3.0
Sunrise of Decatur,"920 Clairemont Ave, Decatur, GA 30030",Assisted Living Community,ALC000027,100,https://www.sunriseseniorliving.com/communities/sunrise-of-decatur/overview.aspx,3.2
Sunrise of East Cobb,"1551 Johnson Ferry Rd, Marietta, GA 30062",Assisted Living Community,ALC000024,100,https://www.sunriseseniorliving.com/communities/sunrise-at-east-cobb/overview.aspx,3.7
Sunrise of Five Forks,"3997 Five Forks Trickum Rd SW, Lilburn, GA 30047",Assisted Living Community,ALC000084,101,https://www.sunriseseniorliving.com/communities/sunrise-at-five-forks/overview.aspx,1.3
Sunrise of Ivey Ridge,"2950 Old Alabama Rd, Alpharetta, GA 30022",Assisted Living Community,ALC000030,119,https://www.sunriseseniorliving.com/communities/sunrise-at-ivey-ridge/overview.aspx,2.7
Sunrise of Johns Creek,"11405 Medlock Bridge Rd, Johns Creek, GA 30097",Assisted Living Community,ALC000029,100,https://www.sunriseseniorliving.com/communities/sunrise-of-johns-creek/overview.aspx,1.3
Tapestry House Assisted Living,"2725 Holcomb Bridge Rd, Alpharetta, GA 30022",Assisted Living Community,ALC000105,140,https://insigniaseniorliving.com/senior-living-alpharetta/,2.2
Tapestry House Memory Care,"9212 Nesbit Ferry Rd, Alpharetta, GA 30022",Assisted Living Community,ALC000276,60,https://insigniaseniorliving.com/senior-living-alpharetta/,11.3
The Phoenix at Johnson Ferry,"9 Sherwood Dr SE, Marietta, GA 30067",Personal Care Home,PCH002697,66,https://www.phoenixsrliving.com/senior-living/ga/marietta/the-phoenix-johnson-ferry/,1.0
Thomas Kelly Senior Living Community,"4083 Business Highway 27, Buchanan, GA 30113, United States",Assisted Living Community,ALC000006,60,http://kellyfoundation4seniors.org/,1.0
Thrive Assisted Living and Memory Care,"37 Brock Dr, Lookout Mountain, GA 30750",Assisted Living Community,ALC000201,70,,3.0
Thrive at Augusta,"2222 Indigo Hall Drive, Martinez, GA 30907",Assisted Living Community,ALC000605,95,tel:706-955-2275,0.0
Thrive at Frederica,"3615 Frederica Rd, St Simons, GA 31522",Assisted Living Community,ALC000237,120,https://thrivesl.com/frederica/,8.5
Thrive at Green Island,"6896 River Rd, Columbus, GA 31904",Assisted Living Community,ALC000562,74,https://thrivesl.com/greenisland/,5.5
Thrive Memory Care at East Cobb,"200 Village Pkwy NE, Marietta, GA 30067",Assisted Living Community,ALC000247,25,tel:470-250-0808,1.0
Towne Club Windermere Assisted Living,"3950 Towne Club Pkwy, Cumming, GA 30041",Assisted Living Community,ALC000221,98,http://towneclubwindermere.com/,0.7
Tranquil Gardens Assisted Living & Memory Care,"330 Tranquil Gardens Drive, Acworth, GA 30102",Assisted Living Community,ALC000565,78,http://tranquilgardensassistedliving.com/,1.0
Tranquility of Cartersville,"60 Massell Dr SE, Cartersville, GA 30121",Personal Care Home,PCH008430,32,http://www.tranquilityofcartersville.com,2.3
Tranquility of Dalton,"986 Orchard Way, Dalton, GA 30721",Personal Care Home,PCH008189,40,https://www.tranquilityofdalton.com,2.3
Twelve Oaks Senior Living,"2000 Bellevue Rd, Dublin, GA 31021",Personal Care Home,87030031,26,,1.3
Vernon Springs Senior Living,"690 Mount Vernon Hwy NE, Atlanta, GA 30328",Personal Care Home,PCH007740,74,tel:404-843-8857,18.0
Vernon Woods Retirement Community,"101 Vernon Woods, LaGrange, GA 30240",Assisted Living Community,ALC000051,46,https://www.vernonwoods.com,0.0
"Village at Renaissance, The","419 Airport Rd, Griffin, GA 30224",Personal Care Home,PCH008575,35,,8.3
Village Park at Spalding,"5701 Spalding Dr, Norcross, GA 30092",Assisted Living Community,ALC000246,134,https://www.villageparkseniorliving.com/community/peachtree-corners/,2.3
Village Park of Alpharetta,"12300 Morris Rd, Alpharetta, GA 30005",Assisted Living Community,ALC000549,138,https://www.villageparkseniorliving.com/community/alpharetta/,0.0
"Villas at Canterfield, The","815 Atlanta Rd, Cumming, GA 30040",Personal Care Home,PCH008106,100,https://www.thevillasatcanterfield.com,3.8
Waldrop Residences,"89 Burnt Hickory Rd, Cartersville, GA 30120",Personal Care Home,PCH008642,30,https://waldropresidences.wixsite.com/waldropresidences,3.7
Watercrest Newnan Assisted Living,"285 Summerlin Blvd, Newnan, GA 30265",Assisted Living Community,ALC000623,118,tel:770-637-2207,0.0
"Waterford at Hidden Lake, The","3100 Hidden Valley Dr, Canton, GA 30114",Assisted Living Community,ALC000164,98,tel:770-224-8000,9.3
"Waterford of Oakwood, The","4251 Hudson Dr, Oakwood, GA 30566",Assisted Living Community,ALC000143,72,tel:770-297-6900,5.8
Wellington Court Assisted Living,"11350 Woodstock Rd, Roswell, GA 30075",Assisted Living Community,ALC000169,49,https://stgeorgevillage.org/wellington_court.php,3.0
Wesley Woods Towers Pch,"1825 E Clifton Rd NE, Atlanta, GA 30307",Personal Care Home,44030161,36,https://www.wesleywoods.org/wesley-woods-towers/,4.8
Windsor House / Colonnade,"4275 Owens Rd, Evans, GA 30809",Assisted Living Community and Personal Care Home,ALC000557,PCH002037,tel:706-868-9800,1.3
Windsor House Assisted Living,"3333 E Cherokee Dr, Canton, GA 30115",Assisted Living Community,ALC000184,90,https://windsorhouseassistedliving.com,0.0
Windsor Lodge,"190 Sammy McGhee Blvd, Jasper, GA 30143",Assisted Living Community,ALC000558,80,https://windsorlodgellc.com,0.0
Winnwood Retirement Community,"100 Whitlock Ave NW, Marietta, GA 30064",Assisted Living Community,ALC000085,70,https://winnwoodretire.com/lifestyles/independent-living-marietta-ga/,0.5
Winthrop Court,"10 US-411, Rome, GA 30161",Personal Care Home,57030021,100,https://www.winthropseniorliving.com/,4.5
Woodland Ridge Senior Living,"4005 S Cobb Dr, Smyrna, GA 30080",Assisted Living Community,ALC000008,96,tel:770-431-7055,4.0
"Woods Senior Living Community, The","1401 Macon Rd, Griffin, GA 30224",Personal Care Home,126030011,40,tel:770-412-6005,3.5
Yellow Brick House,"6903 Main St, Lithonia, GA 30058",Personal Care Home,44030041,52,http://www.yellowbrickhouse.com,13.0
